--------------------------------------------------------
-- Archivo creado  - domingo-abril-05-2020   
--------------------------------------------------------
--------------------------------------------------------
--  DDL for Table FALTAS
--------------------------------------------------------

  CREATE TABLE "X5901676"."FALTAS" 
   (	"COD_J" VARCHAR2(20 BYTE), 
	"E_LOCAL" VARCHAR2(20 BYTE), 
	"E_VISITANTE" VARCHAR2(20 BYTE), 
	"NUM" NUMBER DEFAULT 0
   ) SEGMENT CREATION DEFERRED 
  PCTFREE 10 PCTUSED 40 INITRANS 1 MAXTRANS 255 
 NOCOMPRESS LOGGING
  TABLESPACE "BDCCIA" ;
--------------------------------------------------------
--  DDL for Table JUGADORES
--------------------------------------------------------

  CREATE TABLE "X5901676"."JUGADORES" 
   (	"COD_J" VARCHAR2(20 BYTE), 
	"COD_E" VARCHAR2(20 BYTE), 
	"NOMBRE_J" VARCHAR2(20 BYTE)
   ) SEGMENT CREATION IMMEDIATE 
  PCTFREE 10 PCTUSED 40 INITRANS 1 MAXTRANS 255 
 NOCOMPRESS LOGGING
  STORAGE(INITIAL 65536 NEXT 1048576 MINEXTENTS 1 MAXEXTENTS 2147483645
  PCTINCREASE 0 FREELISTS 1 FREELIST GROUPS 1
  BUFFER_POOL DEFAULT FLASH_CACHE DEFAULT CELL_FLASH_CACHE DEFAULT)
  TABLESPACE "BDCCIA" ;
--------------------------------------------------------
--  DDL for Table EQUIPOS
--------------------------------------------------------

  CREATE TABLE "X5901676"."EQUIPOS" 
   (	"COD_E" VARCHAR2(20 BYTE), 
	"NOMBRE_E" VARCHAR2(20 BYTE), 
	"LOCALIDAD" VARCHAR2(20 BYTE), 
	"ENTRENADOR" VARCHAR2(20 BYTE), 
	"FECHA_CREACION" DATE
   ) SEGMENT CREATION IMMEDIATE 
  PCTFREE 10 PCTUSED 40 INITRANS 1 MAXTRANS 255 
 NOCOMPRESS LOGGING
  STORAGE(INITIAL 65536 NEXT 1048576 MINEXTENTS 1 MAXEXTENTS 2147483645
  PCTINCREASE 0 FREELISTS 1 FREELIST GROUPS 1
  BUFFER_POOL DEFAULT FLASH_CACHE DEFAULT CELL_FLASH_CACHE DEFAULT)
  TABLESPACE "BDCCIA" ;
--------------------------------------------------------
--  DDL for Table ENCUENTROS
--------------------------------------------------------

  CREATE TABLE "X5901676"."ENCUENTROS" 
   (	"E_LOCAL" VARCHAR2(20 BYTE), 
	"E_VISITANTE" VARCHAR2(20 BYTE), 
	"FECHA" DATE, 
	"P_LOCAL" NUMBER DEFAULT 0, 
	"P_VISITANTE" NUMBER DEFAULT 0
   ) SEGMENT CREATION IMMEDIATE 
  PCTFREE 10 PCTUSED 40 INITRANS 1 MAXTRANS 255 
 NOCOMPRESS LOGGING
  STORAGE(INITIAL 65536 NEXT 1048576 MINEXTENTS 1 MAXEXTENTS 2147483645
  PCTINCREASE 0 FREELISTS 1 FREELIST GROUPS 1
  BUFFER_POOL DEFAULT FLASH_CACHE DEFAULT CELL_FLASH_CACHE DEFAULT)
  TABLESPACE "BDCCIA" ;
REM INSERTING into X5901676.FALTAS
SET DEFINE OFF;
REM INSERTING into X5901676.JUGADORES
SET DEFINE OFF;
Insert into X5901676.JUGADORES (COD_J,COD_E,NOMBRE_J) values ('01','0','Jesus');
Insert into X5901676.JUGADORES (COD_J,COD_E,NOMBRE_J) values ('02','0','Javi');
Insert into X5901676.JUGADORES (COD_J,COD_E,NOMBRE_J) values ('03','0','Alvaro');
Insert into X5901676.JUGADORES (COD_J,COD_E,NOMBRE_J) values ('04','0','Neus');
Insert into X5901676.JUGADORES (COD_J,COD_E,NOMBRE_J) values ('05','0','Maria');
Insert into X5901676.JUGADORES (COD_J,COD_E,NOMBRE_J) values ('06','1','Julian');
Insert into X5901676.JUGADORES (COD_J,COD_E,NOMBRE_J) values ('07','1','Esme');
Insert into X5901676.JUGADORES (COD_J,COD_E,NOMBRE_J) values ('08','1','Jose Manu');
Insert into X5901676.JUGADORES (COD_J,COD_E,NOMBRE_J) values ('09','1','Julio');
Insert into X5901676.JUGADORES (COD_J,COD_E,NOMBRE_J) values ('10','1','Jacobo');
Insert into X5901676.JUGADORES (COD_J,COD_E,NOMBRE_J) values ('11','2','Angela');
Insert into X5901676.JUGADORES (COD_J,COD_E,NOMBRE_J) values ('12','2','Manu');
Insert into X5901676.JUGADORES (COD_J,COD_E,NOMBRE_J) values ('13','2','Nacho');
Insert into X5901676.JUGADORES (COD_J,COD_E,NOMBRE_J) values ('14','2','Santi');
Insert into X5901676.JUGADORES (COD_J,COD_E,NOMBRE_J) values ('15','2','Chema');
Insert into X5901676.JUGADORES (COD_J,COD_E,NOMBRE_J) values ('16','3','Versy');
Insert into X5901676.JUGADORES (COD_J,COD_E,NOMBRE_J) values ('17','3','Andrea');
Insert into X5901676.JUGADORES (COD_J,COD_E,NOMBRE_J) values ('18','3','Paola');
Insert into X5901676.JUGADORES (COD_J,COD_E,NOMBRE_J) values ('19','3','Victor');
Insert into X5901676.JUGADORES (COD_J,COD_E,NOMBRE_J) values ('20','3','Ignacio');
REM INSERTING into X5901676.EQUIPOS
SET DEFINE OFF;
Insert into X5901676.EQUIPOS (COD_E,NOMBRE_E,LOCALIDAD,ENTRENADOR,FECHA_CREACION) values ('0','ratas','roquetas','Jorge',to_date('12/09/99','DD/MM/RR'));
Insert into X5901676.EQUIPOS (COD_E,NOMBRE_E,LOCALIDAD,ENTRENADOR,FECHA_CREACION) values ('1','peleones','Agua Dulce','Juan',to_date('09/10/99','DD/MM/RR'));
Insert into X5901676.EQUIPOS (COD_E,NOMBRE_E,LOCALIDAD,ENTRENADOR,FECHA_CREACION) values ('2','popeyes','El Solanillo','Dani',to_date('24/08/99','DD/MM/RR'));
Insert into X5901676.EQUIPOS (COD_E,NOMBRE_E,LOCALIDAD,ENTRENADOR,FECHA_CREACION) values ('3','tupla','Las Marinas','Angel',to_date('09/09/99','DD/MM/RR'));
REM INSERTING into X5901676.ENCUENTROS
SET DEFINE OFF;
Insert into X5901676.ENCUENTROS (E_LOCAL,E_VISITANTE,FECHA,P_LOCAL,P_VISITANTE) values ('0','1',to_date('01/01/20','DD/MM/RR'),'100','50');
Insert into X5901676.ENCUENTROS (E_LOCAL,E_VISITANTE,FECHA,P_LOCAL,P_VISITANTE) values ('0','2',to_date('01/02/20','DD/MM/RR'),'0','0');
Insert into X5901676.ENCUENTROS (E_LOCAL,E_VISITANTE,FECHA,P_LOCAL,P_VISITANTE) values ('0','3',to_date('02/04/20','DD/MM/RR'),'0','0');
Insert into X5901676.ENCUENTROS (E_LOCAL,E_VISITANTE,FECHA,P_LOCAL,P_VISITANTE) values ('1','2',to_date('03/01/20','DD/MM/RR'),'150','50');
Insert into X5901676.ENCUENTROS (E_LOCAL,E_VISITANTE,FECHA,P_LOCAL,P_VISITANTE) values ('2','3',to_date('01/01/20','DD/MM/RR'),'100','50');
Insert into X5901676.ENCUENTROS (E_LOCAL,E_VISITANTE,FECHA,P_LOCAL,P_VISITANTE) values ('1','3',to_date('15/01/20','DD/MM/RR'),'0','0');
Insert into X5901676.ENCUENTROS (E_LOCAL,E_VISITANTE,FECHA,P_LOCAL,P_VISITANTE) values ('2','1',to_date('22/01/20','DD/MM/RR'),'0','0');
Insert into X5901676.ENCUENTROS (E_LOCAL,E_VISITANTE,FECHA,P_LOCAL,P_VISITANTE) values ('3','1',to_date('25/01/20','DD/MM/RR'),'0','0');
Insert into X5901676.ENCUENTROS (E_LOCAL,E_VISITANTE,FECHA,P_LOCAL,P_VISITANTE) values ('1','0',to_date('03/02/20','DD/MM/RR'),'0','0');
Insert into X5901676.ENCUENTROS (E_LOCAL,E_VISITANTE,FECHA,P_LOCAL,P_VISITANTE) values ('3','0',to_date('30/04/20','DD/MM/RR'),'0','0');
--------------------------------------------------------
--  DDL for Index FALTAS_PK
--------------------------------------------------------

  CREATE UNIQUE INDEX "X5901676"."FALTAS_PK" ON "X5901676"."FALTAS" ("COD_J", "E_LOCAL", "E_VISITANTE") 
  PCTFREE 10 INITRANS 2 MAXTRANS 255 COMPUTE STATISTICS 
  TABLESPACE "BDCCIA" ;
--------------------------------------------------------
--  DDL for Index JUGADORES_PK
--------------------------------------------------------

  CREATE UNIQUE INDEX "X5901676"."JUGADORES_PK" ON "X5901676"."JUGADORES" ("COD_J") 
  PCTFREE 10 INITRANS 2 MAXTRANS 255 COMPUTE STATISTICS 
  STORAGE(INITIAL 65536 NEXT 1048576 MINEXTENTS 1 MAXEXTENTS 2147483645
  PCTINCREASE 0 FREELISTS 1 FREELIST GROUPS 1
  BUFFER_POOL DEFAULT FLASH_CACHE DEFAULT CELL_FLASH_CACHE DEFAULT)
  TABLESPACE "BDCCIA" ;
--------------------------------------------------------
--  DDL for Index EQUIPOS_UK1
--------------------------------------------------------

  CREATE UNIQUE INDEX "X5901676"."EQUIPOS_UK1" ON "X5901676"."EQUIPOS" ("NOMBRE_E") 
  PCTFREE 10 INITRANS 2 MAXTRANS 255 COMPUTE STATISTICS 
  STORAGE(INITIAL 65536 NEXT 1048576 MINEXTENTS 1 MAXEXTENTS 2147483645
  PCTINCREASE 0 FREELISTS 1 FREELIST GROUPS 1
  BUFFER_POOL DEFAULT FLASH_CACHE DEFAULT CELL_FLASH_CACHE DEFAULT)
  TABLESPACE "BDCCIA" ;
--------------------------------------------------------
--  DDL for Index EQUIPOS_PK
--------------------------------------------------------

  CREATE UNIQUE INDEX "X5901676"."EQUIPOS_PK" ON "X5901676"."EQUIPOS" ("COD_E") 
  PCTFREE 10 INITRANS 2 MAXTRANS 255 COMPUTE STATISTICS 
  STORAGE(INITIAL 65536 NEXT 1048576 MINEXTENTS 1 MAXEXTENTS 2147483645
  PCTINCREASE 0 FREELISTS 1 FREELIST GROUPS 1
  BUFFER_POOL DEFAULT FLASH_CACHE DEFAULT CELL_FLASH_CACHE DEFAULT)
  TABLESPACE "BDCCIA" ;
--------------------------------------------------------
--  DDL for Index ENCUENTROS_PK
--------------------------------------------------------

  CREATE UNIQUE INDEX "X5901676"."ENCUENTROS_PK" ON "X5901676"."ENCUENTROS" ("E_LOCAL", "E_VISITANTE") 
  PCTFREE 10 INITRANS 2 MAXTRANS 255 COMPUTE STATISTICS 
  STORAGE(INITIAL 65536 NEXT 1048576 MINEXTENTS 1 MAXEXTENTS 2147483645
  PCTINCREASE 0 FREELISTS 1 FREELIST GROUPS 1
  BUFFER_POOL DEFAULT FLASH_CACHE DEFAULT CELL_FLASH_CACHE DEFAULT)
  TABLESPACE "BDCCIA" ;
--------------------------------------------------------
--  Constraints for Table FALTAS
--------------------------------------------------------

  ALTER TABLE "X5901676"."FALTAS" ADD CONSTRAINT "FALTAS_PK" PRIMARY KEY ("COD_J", "E_LOCAL", "E_VISITANTE")
  USING INDEX PCTFREE 10 INITRANS 2 MAXTRANS 255 COMPUTE STATISTICS 
  TABLESPACE "BDCCIA"  ENABLE;
  ALTER TABLE "X5901676"."FALTAS" MODIFY ("COD_J" NOT NULL ENABLE);
  ALTER TABLE "X5901676"."FALTAS" MODIFY ("E_LOCAL" NOT NULL ENABLE);
  ALTER TABLE "X5901676"."FALTAS" MODIFY ("E_VISITANTE" NOT NULL ENABLE);
  ALTER TABLE "X5901676"."FALTAS" ADD CHECK (num>=0) ENABLE;
  ALTER TABLE "X5901676"."FALTAS" ADD CHECK (num>=0 and num<=5) ENABLE;
--------------------------------------------------------
--  Constraints for Table JUGADORES
--------------------------------------------------------

  ALTER TABLE "X5901676"."JUGADORES" ADD CONSTRAINT "JUGADORES_PK" PRIMARY KEY ("COD_J")
  USING INDEX PCTFREE 10 INITRANS 2 MAXTRANS 255 COMPUTE STATISTICS 
  STORAGE(INITIAL 65536 NEXT 1048576 MINEXTENTS 1 MAXEXTENTS 2147483645
  PCTINCREASE 0 FREELISTS 1 FREELIST GROUPS 1
  BUFFER_POOL DEFAULT FLASH_CACHE DEFAULT CELL_FLASH_CACHE DEFAULT)
  TABLESPACE "BDCCIA"  ENABLE;
  ALTER TABLE "X5901676"."JUGADORES" MODIFY ("COD_J" NOT NULL ENABLE);
  ALTER TABLE "X5901676"."JUGADORES" MODIFY ("COD_E" NOT NULL ENABLE);
  ALTER TABLE "X5901676"."JUGADORES" MODIFY ("NOMBRE_J" NOT NULL ENABLE);
--------------------------------------------------------
--  Constraints for Table EQUIPOS
--------------------------------------------------------

  ALTER TABLE "X5901676"."EQUIPOS" ADD CONSTRAINT "EQUIPOS_PK" PRIMARY KEY ("COD_E")
  USING INDEX PCTFREE 10 INITRANS 2 MAXTRANS 255 COMPUTE STATISTICS 
  STORAGE(INITIAL 65536 NEXT 1048576 MINEXTENTS 1 MAXEXTENTS 2147483645
  PCTINCREASE 0 FREELISTS 1 FREELIST GROUPS 1
  BUFFER_POOL DEFAULT FLASH_CACHE DEFAULT CELL_FLASH_CACHE DEFAULT)
  TABLESPACE "BDCCIA"  ENABLE;
  ALTER TABLE "X5901676"."EQUIPOS" ADD CONSTRAINT "EQUIPOS_UK1" UNIQUE ("NOMBRE_E")
  USING INDEX PCTFREE 10 INITRANS 2 MAXTRANS 255 COMPUTE STATISTICS 
  STORAGE(INITIAL 65536 NEXT 1048576 MINEXTENTS 1 MAXEXTENTS 2147483645
  PCTINCREASE 0 FREELISTS 1 FREELIST GROUPS 1
  BUFFER_POOL DEFAULT FLASH_CACHE DEFAULT CELL_FLASH_CACHE DEFAULT)
  TABLESPACE "BDCCIA"  ENABLE;
  ALTER TABLE "X5901676"."EQUIPOS" MODIFY ("COD_E" NOT NULL ENABLE);
  ALTER TABLE "X5901676"."EQUIPOS" MODIFY ("NOMBRE_E" NOT NULL ENABLE);
  ALTER TABLE "X5901676"."EQUIPOS" MODIFY ("LOCALIDAD" NOT NULL ENABLE);
  ALTER TABLE "X5901676"."EQUIPOS" MODIFY ("ENTRENADOR" NOT NULL ENABLE);
  ALTER TABLE "X5901676"."EQUIPOS" MODIFY ("FECHA_CREACION" NOT NULL ENABLE);
--------------------------------------------------------
--  Constraints for Table ENCUENTROS
--------------------------------------------------------

  ALTER TABLE "X5901676"."ENCUENTROS" ADD CONSTRAINT "ENCUENTROS_PK" PRIMARY KEY ("E_LOCAL", "E_VISITANTE")
  USING INDEX PCTFREE 10 INITRANS 2 MAXTRANS 255 COMPUTE STATISTICS 
  STORAGE(INITIAL 65536 NEXT 1048576 MINEXTENTS 1 MAXEXTENTS 2147483645
  PCTINCREASE 0 FREELISTS 1 FREELIST GROUPS 1
  BUFFER_POOL DEFAULT FLASH_CACHE DEFAULT CELL_FLASH_CACHE DEFAULT)
  TABLESPACE "BDCCIA"  ENABLE;
  ALTER TABLE "X5901676"."ENCUENTROS" MODIFY ("E_LOCAL" NOT NULL ENABLE);
  ALTER TABLE "X5901676"."ENCUENTROS" MODIFY ("E_VISITANTE" NOT NULL ENABLE);
  ALTER TABLE "X5901676"."ENCUENTROS" MODIFY ("FECHA" NOT NULL ENABLE);
  ALTER TABLE "X5901676"."ENCUENTROS" ADD CHECK (P_LOCAL>=0) ENABLE;
  ALTER TABLE "X5901676"."ENCUENTROS" ADD CHECK (P_VISITANTE>=0) ENABLE;
--------------------------------------------------------
--  Ref Constraints for Table FALTAS
--------------------------------------------------------

  ALTER TABLE "X5901676"."FALTAS" ADD CONSTRAINT "FALTAS_FK1" FOREIGN KEY ("E_LOCAL", "E_VISITANTE")
	  REFERENCES "X5901676"."ENCUENTROS" ("E_LOCAL", "E_VISITANTE") ENABLE;
  ALTER TABLE "X5901676"."FALTAS" ADD CONSTRAINT "FALTAS_FK2" FOREIGN KEY ("COD_J")
	  REFERENCES "X5901676"."JUGADORES" ("COD_J") ENABLE;
--------------------------------------------------------
--  Ref Constraints for Table ENCUENTROS
--------------------------------------------------------

  ALTER TABLE "X5901676"."ENCUENTROS" ADD CONSTRAINT "ENCUENTROS_FK1" FOREIGN KEY ("E_LOCAL")
	  REFERENCES "X5901676"."EQUIPOS" ("COD_E") ENABLE;
  ALTER TABLE "X5901676"."ENCUENTROS" ADD CONSTRAINT "ENCUENTROS_FK2" FOREIGN KEY ("E_VISITANTE")
	  REFERENCES "X5901676"."EQUIPOS" ("COD_E") ENABLE;
